video,content,resolution,bitrate
F11_1985_to_1995_res=720_bitrate=0.8.avi,F11_1985_to_1995,720,0.8
M1_scooby_doo_res=480_bitrate=0.25.avi,M1_scooby_doo,480,0.25
F9_around_7_blocks_res=720_bitrate=2.avi,F9_around_7_blocks,720,2
M1_scooby_doo_res=720_bitrate=0.8.avi,M1_scooby_doo,720,0.8
F5_scuba_aquarium_res=480_bitrate=0.8.avi,F5_scuba_aquarium,480,0.8
M3_died_at_32_res=480_bitrate=2.avi,M3_died_at_32,480,2
M5_shotgun_is_heavy_res=480_bitrate=0.25.avi,M5_shotgun_is_heavy,480,0.25
M3_died_at_32_res=720_bitrate=2.avi,M3_died_at_32,720,2
F6_the_way_it_bubbles_res=1080_bitrate=0.8.avi,F6_the_way_it_bubbles,1080,0.8
M1_scooby_doo_res=1080_bitrate=0.8.avi,M1_scooby_doo,1080,0.8
M7_performing_CPR_res=720_bitrate=2.avi,M7_performing_CPR,720,2
M1_scooby_doo_res=360_bitrate=0.8.avi,M1_scooby_doo,360,0.8
F11_between_11_and_35_res=720_bitrate=0.25.avi,F11_between_11_and_35,720,0.25
M4_new_girlfriend_res=360_bitrate=0.8.avi,M4_new_girlfriend,360,0.8
M8_Quaker_res=360_bitrate=0.8.avi,M8_Quaker,360,0.8
F11_1985_to_1995_res=360_bitrate=0.8.avi,F11_1985_to_1995,360,0.8
M8_Quaker_res=720_bitrate=0.25.avi,M8_Quaker,720,0.25
F6_the_way_it_bubbles_res=480_bitrate=2.avi,F6_the_way_it_bubbles,480,2
M4_new_girlfriend_res=720_bitrate=0.8.avi,M4_new_girlfriend,720,0.8
F6_ingredients_res=1080_bitrate=2.avi,F6_ingredients,1080,2
F10_grandkids_talk_to_daughter_res=720_bitrate=0.8.avi,F10_grandkids_talk_to_daughter,720,0.8
M7_performing_CPR_res=360_bitrate=0.8.avi,M7_performing_CPR,360,0.8
F10_grandkids_talk_to_daughter_res=480_bitrate=2.avi,F10_grandkids_talk_to_daughter,480,2
F12_from_boise_idaho_res=1080_bitrate=2.avi,F12_from_boise_idaho,1080,2
F6_the_way_it_bubbles_res=1080_bitrate=2.avi,F6_the_way_it_bubbles,1080,2
M5_heart_beats_fast_res=1080_bitrate=reference.avi,M5_heart_beats_fast,1080,reference
F6_ingredients_res=720_bitrate=2.avi,F6_ingredients,720,2
M5_heart_beats_fast_res=480_bitrate=0.25.avi,M5_heart_beats_fast,480,0.25
M1_scooby_doo_res=1080_bitrate=2.avi,M1_scooby_doo,1080,2
F11_1985_to_1995_res=480_bitrate=0.8.avi,F11_1985_to_1995,480,0.8
M4_new_girlfriend_res=480_bitrate=2.avi,M4_new_girlfriend,480,2
F10_grandkids_talk_to_daughter_res=1080_bitrate=0.8.avi,F10_grandkids_talk_to_daughter,1080,0.8
F11_1985_to_1995_res=1080_bitrate=reference.avi,F11_1985_to_1995,1080,reference
M5_shotgun_is_heavy_res=720_bitrate=2.avi,M5_shotgun_is_heavy,720,2
M5_heart_beats_fast_res=1080_bitrate=2.avi,M5_heart_beats_fast,1080,2
F11_1985_to_1995_res=1080_bitrate=0.8.avi,F11_1985_to_1995,1080,0.8
F10_grandkids_talk_to_daughter_res=1080_bitrate=2.avi,F10_grandkids_talk_to_daughter,1080,2
M3_died_at_32_res=720_bitrate=0.8.avi,M3_died_at_32,720,0.8
M5_shotgun_is_heavy_res=1080_bitrate=0.8.avi,M5_shotgun_is_heavy,1080,0.8
M3_died_at_32_res=1080_bitrate=2.avi,M3_died_at_32,1080,2
F5_scuba_aquarium_res=480_bitrate=0.25.avi,F5_scuba_aquarium,480,0.25
F11_between_11_and_35_res=360_bitrate=0.8.avi,F11_between_11_and_35,360,0.8
F12_from_boise_idaho_res=1080_bitrate=reference.avi,F12_from_boise_idaho,1080,reference
M4_new_girlfriend_res=1080_bitrate=0.8.avi,M4_new_girlfriend,1080,0.8
M5_shotgun_is_heavy_res=480_bitrate=0.8.avi,M5_shotgun_is_heavy,480,0.8
M3_died_at_32_res=360_bitrate=0.8.avi,M3_died_at_32,360,0.8
M5_shotgun_is_heavy_res=480_bitrate=2.avi,M5_shotgun_is_heavy,480,2
F5_scuba_aquarium_res=480_bitrate=2.avi,F5_scuba_aquarium,480,2
F12_from_boise_idaho_res=480_bitrate=2.avi,F12_from_boise_idaho,480,2
F5_scuba_aquarium_res=1080_bitrate=2.avi,F5_scuba_aquarium,1080,2
M7_performing_CPR_res=720_bitrate=0.8.avi,M7_performing_CPR,720,0.8
F5_scuba_aquarium_res=1080_bitrate=reference.avi,F5_scuba_aquarium,1080,reference
M4_new_girlfriend_res=1080_bitrate=reference.avi,M4_new_girlfriend,1080,reference
M1_scooby_doo_res=1080_bitrate=reference.avi,M1_scooby_doo,1080,reference
F9_around_7_blocks_res=720_bitrate=0.8.avi,F9_around_7_blocks,720,0.8
F10_grandkids_talk_to_daughter_res=360_bitrate=0.8.avi,F10_grandkids_talk_to_daughter,360,0.8
M4_new_girlfriend_res=720_bitrate=0.25.avi,M4_new_girlfriend,720,0.25
M5_shotgun_is_heavy_res=1080_bitrate=reference.avi,M5_shotgun_is_heavy,1080,reference
F11_between_11_and_35_res=1080_bitrate=reference.avi,F11_between_11_and_35,1080,reference
F12_from_boise_idaho_res=720_bitrate=2.avi,F12_from_boise_idaho,720,2
F10_grandkids_talk_to_daughter_res=480_bitrate=0.8.avi,F10_grandkids_talk_to_daughter,480,0.8
F5_scuba_aquarium_res=360_bitrate=0.8.avi,F5_scuba_aquarium,360,0.8
M5_shotgun_is_heavy_res=720_bitrate=0.8.avi,M5_shotgun_is_heavy,720,0.8
F12_from_boise_idaho_res=360_bitrate=0.8.avi,F12_from_boise_idaho,360,0.8
M5_shotgun_is_heavy_res=720_bitrate=0.25.avi,M5_shotgun_is_heavy,720,0.25
F6_ingredients_res=480_bitrate=0.25.avi,F6_ingredients,480,0.25
F5_scuba_aquarium_res=720_bitrate=0.25.avi,F5_scuba_aquarium,720,0.25
M1_scooby_doo_res=720_bitrate=2.avi,M1_scooby_doo,720,2
M3_died_at_32_res=480_bitrate=0.25.avi,M3_died_at_32,480,0.25
F5_scuba_aquarium_res=1080_bitrate=0.8.avi,F5_scuba_aquarium,1080,0.8
F11_between_11_and_35_res=1080_bitrate=0.8.avi,F11_between_11_and_35,1080,0.8
M4_new_girlfriend_res=480_bitrate=0.25.avi,M4_new_girlfriend,480,0.25
F12_from_boise_idaho_res=720_bitrate=0.25.avi,F12_from_boise_idaho,720,0.25
M4_new_girlfriend_res=1080_bitrate=2.avi,M4_new_girlfriend,1080,2
F10_grandkids_talk_to_daughter_res=1080_bitrate=reference.avi,F10_grandkids_talk_to_daughter,1080,reference
M3_died_at_32_res=480_bitrate=0.8.avi,M3_died_at_32,480,0.8
M7_performing_CPR_res=1080_bitrate=0.8.avi,M7_performing_CPR,1080,0.8
F6_the_way_it_bubbles_res=360_bitrate=0.8.avi,F6_the_way_it_bubbles,360,0.8
F9_around_7_blocks_res=1080_bitrate=2.avi,F9_around_7_blocks,1080,2
F6_the_way_it_bubbles_res=720_bitrate=0.25.avi,F6_the_way_it_bubbles,720,0.25
F9_around_7_blocks_res=1080_bitrate=0.8.avi,F9_around_7_blocks,1080,0.8
M5_heart_beats_fast_res=360_bitrate=0.8.avi,M5_heart_beats_fast,360,0.8
F12_from_boise_idaho_res=480_bitrate=0.25.avi,F12_from_boise_idaho,480,0.25
M7_performing_CPR_res=1080_bitrate=2.avi,M7_performing_CPR,1080,2
F12_from_boise_idaho_res=1080_bitrate=0.8.avi,F12_from_boise_idaho,1080,0.8
M8_Quaker_res=1080_bitrate=reference.avi,M8_Quaker,1080,reference
M5_heart_beats_fast_res=1080_bitrate=0.8.avi,M5_heart_beats_fast,1080,0.8
F6_the_way_it_bubbles_res=1080_bitrate=reference.avi,F6_the_way_it_bubbles,1080,reference
M5_heart_beats_fast_res=720_bitrate=2.avi,M5_heart_beats_fast,720,2
F11_between_11_and_35_res=1080_bitrate=2.avi,F11_between_11_and_35,1080,2
M7_performing_CPR_res=480_bitrate=0.8.avi,M7_performing_CPR,480,0.8
F11_1985_to_1995_res=480_bitrate=2.avi,F11_1985_to_1995,480,2
M4_new_girlfriend_res=480_bitrate=0.8.avi,M4_new_girlfriend,480,0.8
F12_from_boise_idaho_res=720_bitrate=0.8.avi,F12_from_boise_idaho,720,0.8
F6_ingredients_res=360_bitrate=0.8.avi,F6_ingredients,360,0.8
M5_heart_beats_fast_res=480_bitrate=2.avi,M5_heart_beats_fast,480,2
F11_between_11_and_35_res=480_bitrate=0.25.avi,F11_between_11_and_35,480,0.25
M5_heart_beats_fast_res=720_bitrate=0.8.avi,M5_heart_beats_fast,720,0.8
F11_between_11_and_35_res=720_bitrate=0.8.avi,F11_between_11_and_35,720,0.8
M8_Quaker_res=1080_bitrate=2.avi,M8_Quaker,1080,2
M1_scooby_doo_res=480_bitrate=0.8.avi,M1_scooby_doo,480,0.8
M8_Quaker_res=480_bitrate=0.25.avi,M8_Quaker,480,0.25
F6_the_way_it_bubbles_res=720_bitrate=2.avi,F6_the_way_it_bubbles,720,2
F10_grandkids_talk_to_daughter_res=720_bitrate=0.25.avi,F10_grandkids_talk_to_daughter,720,0.25
M5_shotgun_is_heavy_res=360_bitrate=0.8.avi,M5_shotgun_is_heavy,360,0.8
F6_the_way_it_bubbles_res=720_bitrate=0.8.avi,F6_the_way_it_bubbles,720,0.8
F10_grandkids_talk_to_daughter_res=480_bitrate=0.25.avi,F10_grandkids_talk_to_daughter,480,0.25
F6_the_way_it_bubbles_res=480_bitrate=0.8.avi,F6_the_way_it_bubbles,480,0.8
F6_ingredients_res=480_bitrate=0.8.avi,F6_ingredients,480,0.8
M3_died_at_32_res=1080_bitrate=0.8.avi,M3_died_at_32,1080,0.8
F11_1985_to_1995_res=720_bitrate=2.avi,F11_1985_to_1995,720,2
F9_around_7_blocks_res=1080_bitrate=reference.avi,F9_around_7_blocks,1080,reference
M3_died_at_32_res=720_bitrate=0.25.avi,M3_died_at_32,720,0.25
M8_Quaker_res=480_bitrate=2.avi,M8_Quaker,480,2
M3_died_at_32_res=1080_bitrate=reference.avi,M3_died_at_32,1080,reference
F11_between_11_and_35_res=480_bitrate=0.8.avi,F11_between_11_and_35,480,0.8
F9_around_7_blocks_res=360_bitrate=0.8.avi,F9_around_7_blocks,360,0.8
F11_1985_to_1995_res=1080_bitrate=2.avi,F11_1985_to_1995,1080,2
F11_between_11_and_35_res=720_bitrate=2.avi,F11_between_11_and_35,720,2
F6_ingredients_res=1080_bitrate=0.8.avi,F6_ingredients,1080,0.8
M7_performing_CPR_res=480_bitrate=0.25.avi,M7_performing_CPR,480,0.25
M5_heart_beats_fast_res=480_bitrate=0.8.avi,M5_heart_beats_fast,480,0.8
M7_performing_CPR_res=1080_bitrate=reference.avi,M7_performing_CPR,1080,reference
M8_Quaker_res=720_bitrate=0.8.avi,M8_Quaker,720,0.8
M1_scooby_doo_res=720_bitrate=0.25.avi,M1_scooby_doo,720,0.25
F10_grandkids_talk_to_daughter_res=720_bitrate=2.avi,F10_grandkids_talk_to_daughter,720,2
F6_the_way_it_bubbles_res=480_bitrate=0.25.avi,F6_the_way_it_bubbles,480,0.25
F11_1985_to_1995_res=720_bitrate=0.25.avi,F11_1985_to_1995,720,0.25
M8_Quaker_res=480_bitrate=0.8.avi,M8_Quaker,480,0.8
F9_around_7_blocks_res=720_bitrate=0.25.avi,F9_around_7_blocks,720,0.25
F6_ingredients_res=720_bitrate=0.8.avi,F6_ingredients,720,0.8
F9_around_7_blocks_res=480_bitrate=2.avi,F9_around_7_blocks,480,2
F6_ingredients_res=1080_bitrate=reference.avi,F6_ingredients,1080,reference
M5_heart_beats_fast_res=720_bitrate=0.25.avi,M5_heart_beats_fast,720,0.25
F12_from_boise_idaho_res=480_bitrate=0.8.avi,F12_from_boise_idaho,480,0.8
M7_performing_CPR_res=720_bitrate=0.25.avi,M7_performing_CPR,720,0.25
M1_scooby_doo_res=480_bitrate=2.avi,M1_scooby_doo,480,2
M4_new_girlfriend_res=720_bitrate=2.avi,M4_new_girlfriend,720,2
F6_ingredients_res=720_bitrate=0.25.avi,F6_ingredients,720,0.25
M7_performing_CPR_res=480_bitrate=2.avi,M7_performing_CPR,480,2
F11_1985_to_1995_res=480_bitrate=0.25.avi,F11_1985_to_1995,480,0.25
F9_around_7_blocks_res=480_bitrate=0.8.avi,F9_around_7_blocks,480,0.8
F11_between_11_and_35_res=480_bitrate=2.avi,F11_between_11_and_35,480,2
F6_ingredients_res=480_bitrate=2.avi,F6_ingredients,480,2
M5_shotgun_is_heavy_res=1080_bitrate=2.avi,M5_shotgun_is_heavy,1080,2
F5_scuba_aquarium_res=720_bitrate=0.8.avi,F5_scuba_aquarium,720,0.8
M8_Quaker_res=720_bitrate=2.avi,M8_Quaker,720,2
F9_around_7_blocks_res=480_bitrate=0.25.avi,F9_around_7_blocks,480,0.25
M8_Quaker_res=1080_bitrate=0.8.avi,M8_Quaker,1080,0.8
F5_scuba_aquarium_res=720_bitrate=2.avi,F5_scuba_aquarium,720,2
