video,content,resolution,bitrate
F11_1985_to_1995_res=1080_bitrate=reference.avi,F11_1985_to_1995,1080,reference
M8_coors_brewery_res=1080_bitrate=reference.avi,M8_coors_brewery,1080,reference
F6_ingredients_res=480_bitrate=0.8.avi,F6_ingredients,480,0.8
M5_shotgun_is_heavy_res=480_bitrate=0.25.avi,M5_shotgun_is_heavy,480,0.25
M7_performing_CPR_res=480_bitrate=0.25.avi,M7_performing_CPR,480,0.25
F6_ingredients_res=1080_bitrate=reference.avi,F6_ingredients,1080,reference
M5_I_want_to_learn_to_fish_res=480_bitrate=0.25.avi,M5_I_want_to_learn_to_fish,480,0.25
F4_university_communication_access_res=360_bitrate=0.8.avi,F4_university_communication_access,360,0.8
F12_buttons_on_sleeve_res=360_bitrate=0.8.avi,F12_buttons_on_sleeve,360,0.8
F6_ingredients_res=480_bitrate=2.avi,F6_ingredients,480,2
M5_heart_beats_fast_res=1080_bitrate=2.avi,M5_heart_beats_fast,1080,2
F6_ingredients_res=720_bitrate=0.8.avi,F6_ingredients,720,0.8
F4_university_communication_access_res=1080_bitrate=0.8.avi,F4_university_communication_access,1080,0.8
M8_good_English_is_important_res=720_bitrate=0.8.avi,M8_good_English_is_important,720,0.8
M5_heart_beats_fast_res=720_bitrate=2.avi,M5_heart_beats_fast,720,2
M5_shotgun_is_heavy_res=360_bitrate=0.8.avi,M5_shotgun_is_heavy,360,0.8
M8_good_English_is_important_res=480_bitrate=2.avi,M8_good_English_is_important,480,2
F4_university_communication_access_res=480_bitrate=2.avi,F4_university_communication_access,480,2
F12_buttons_on_sleeve_res=1080_bitrate=2.avi,F12_buttons_on_sleeve,1080,2
M2_cheat_code_res=720_bitrate=0.8.avi,M2_cheat_code,720,0.8
M5_I_want_to_learn_to_fish_res=720_bitrate=0.8.avi,M5_I_want_to_learn_to_fish,720,0.8
M8_Quaker_res=480_bitrate=0.25.avi,M8_Quaker,480,0.25
M5_heart_beats_fast_res=1080_bitrate=reference.avi,M5_heart_beats_fast,1080,reference
M5_shotgun_is_heavy_res=720_bitrate=0.25.avi,M5_shotgun_is_heavy,720,0.25
M2_cheat_code_res=1080_bitrate=0.8.avi,M2_cheat_code,1080,0.8
M8_good_English_is_important_res=1080_bitrate=reference.avi,M8_good_English_is_important,1080,reference
M8_Quaker_res=480_bitrate=0.8.avi,M8_Quaker,480,0.8
M7_performing_CPR_res=720_bitrate=0.8.avi,M7_performing_CPR,720,0.8
M5_I_want_to_learn_to_fish_res=1080_bitrate=0.8.avi,M5_I_want_to_learn_to_fish,1080,0.8
M8_Quaker_res=1080_bitrate=reference.avi,M8_Quaker,1080,reference
M4_new_girlfriend_res=720_bitrate=0.8.avi,M4_new_girlfriend,720,0.8
F3_very_different_res=1080_bitrate=0.8.avi,F3_very_different,1080,0.8
M2_cheat_code_res=720_bitrate=2.avi,M2_cheat_code,720,2
F11_1985_to_1995_res=720_bitrate=2.avi,F11_1985_to_1995,720,2
F4_university_communication_access_res=480_bitrate=0.8.avi,F4_university_communication_access,480,0.8
M8_coors_brewery_res=480_bitrate=0.25.avi,M8_coors_brewery,480,0.25
M7_performing_CPR_res=480_bitrate=2.avi,M7_performing_CPR,480,2
F11_1985_to_1995_res=1080_bitrate=0.8.avi,F11_1985_to_1995,1080,0.8
F12_buttons_on_sleeve_res=1080_bitrate=reference.avi,F12_buttons_on_sleeve,1080,reference
M4_new_girlfriend_res=480_bitrate=0.8.avi,M4_new_girlfriend,480,0.8
M5_shotgun_is_heavy_res=1080_bitrate=2.avi,M5_shotgun_is_heavy,1080,2
M4_new_girlfriend_res=1080_bitrate=2.avi,M4_new_girlfriend,1080,2
M5_I_want_to_learn_to_fish_res=1080_bitrate=2.avi,M5_I_want_to_learn_to_fish,1080,2
M5_heart_beats_fast_res=480_bitrate=0.8.avi,M5_heart_beats_fast,480,0.8
M3_died_at_32_res=720_bitrate=0.8.avi,M3_died_at_32,720,0.8
M2_cheat_code_res=480_bitrate=0.8.avi,M2_cheat_code,480,0.8
M8_Quaker_res=720_bitrate=0.25.avi,M8_Quaker,720,0.25
F4_university_communication_access_res=1080_bitrate=reference.avi,F4_university_communication_access,1080,reference
M8_Quaker_res=480_bitrate=2.avi,M8_Quaker,480,2
M5_heart_beats_fast_res=480_bitrate=2.avi,M5_heart_beats_fast,480,2
F3_very_different_res=1080_bitrate=reference.avi,F3_very_different,1080,reference
M2_cheat_code_res=480_bitrate=2.avi,M2_cheat_code,480,2
F3_very_different_res=480_bitrate=0.25.avi,F3_very_different,480,0.25
M2_cheat_code_res=1080_bitrate=2.avi,M2_cheat_code,1080,2
M8_coors_brewery_res=720_bitrate=2.avi,M8_coors_brewery,720,2
M3_died_at_32_res=720_bitrate=0.25.avi,M3_died_at_32,720,0.25
M7_performing_CPR_res=720_bitrate=2.avi,M7_performing_CPR,720,2
F4_university_communication_access_res=720_bitrate=0.8.avi,F4_university_communication_access,720,0.8
M3_died_at_32_res=480_bitrate=0.25.avi,M3_died_at_32,480,0.25
M8_good_English_is_important_res=480_bitrate=0.8.avi,M8_good_English_is_important,480,0.8
F4_university_communication_access_res=720_bitrate=0.25.avi,F4_university_communication_access,720,0.25
M7_performing_CPR_res=360_bitrate=0.8.avi,M7_performing_CPR,360,0.8
M8_coors_brewery_res=720_bitrate=0.8.avi,M8_coors_brewery,720,0.8
F11_1985_to_1995_res=720_bitrate=0.25.avi,F11_1985_to_1995,720,0.25
M8_good_English_is_important_res=1080_bitrate=2.avi,M8_good_English_is_important,1080,2
M4_new_girlfriend_res=1080_bitrate=reference.avi,M4_new_girlfriend,1080,reference
M8_Quaker_res=720_bitrate=2.avi,M8_Quaker,720,2
M7_performing_CPR_res=1080_bitrate=reference.avi,M7_performing_CPR,1080,reference
M5_I_want_to_learn_to_fish_res=1080_bitrate=reference.avi,M5_I_want_to_learn_to_fish,1080,reference
F11_1985_to_1995_res=360_bitrate=0.8.avi,F11_1985_to_1995,360,0.8
M5_shotgun_is_heavy_res=720_bitrate=0.8.avi,M5_shotgun_is_heavy,720,0.8
F11_1985_to_1995_res=480_bitrate=0.25.avi,F11_1985_to_1995,480,0.25
M8_Quaker_res=1080_bitrate=2.avi,M8_Quaker,1080,2
F11_1985_to_1995_res=1080_bitrate=2.avi,F11_1985_to_1995,1080,2
F4_university_communication_access_res=1080_bitrate=2.avi,F4_university_communication_access,1080,2
F3_very_different_res=480_bitrate=2.avi,F3_very_different,480,2
M5_shotgun_is_heavy_res=480_bitrate=0.8.avi,M5_shotgun_is_heavy,480,0.8
M3_died_at_32_res=1080_bitrate=0.8.avi,M3_died_at_32,1080,0.8
M7_performing_CPR_res=480_bitrate=0.8.avi,M7_performing_CPR,480,0.8
M8_coors_brewery_res=1080_bitrate=0.8.avi,M8_coors_brewery,1080,0.8
F12_buttons_on_sleeve_res=720_bitrate=0.8.avi,F12_buttons_on_sleeve,720,0.8
M8_Quaker_res=1080_bitrate=0.8.avi,M8_Quaker,1080,0.8
M4_new_girlfriend_res=1080_bitrate=0.8.avi,M4_new_girlfriend,1080,0.8
M3_died_at_32_res=480_bitrate=2.avi,M3_died_at_32,480,2
F4_university_communication_access_res=480_bitrate=0.25.avi,F4_university_communication_access,480,0.25
M8_Quaker_res=360_bitrate=0.8.avi,M8_Quaker,360,0.8
M4_new_girlfriend_res=720_bitrate=2.avi,M4_new_girlfriend,720,2
M5_I_want_to_learn_to_fish_res=480_bitrate=2.avi,M5_I_want_to_learn_to_fish,480,2
M5_heart_beats_fast_res=1080_bitrate=0.8.avi,M5_heart_beats_fast,1080,0.8
M4_new_girlfriend_res=480_bitrate=0.25.avi,M4_new_girlfriend,480,0.25
M5_I_want_to_learn_to_fish_res=480_bitrate=0.8.avi,M5_I_want_to_learn_to_fish,480,0.8
F4_university_communication_access_res=720_bitrate=2.avi,F4_university_communication_access,720,2
M8_good_English_is_important_res=480_bitrate=0.25.avi,M8_good_English_is_important,480,0.25
M3_died_at_32_res=1080_bitrate=reference.avi,M3_died_at_32,1080,reference
M5_shotgun_is_heavy_res=480_bitrate=2.avi,M5_shotgun_is_heavy,480,2
F6_ingredients_res=480_bitrate=0.25.avi,F6_ingredients,480,0.25
M3_died_at_32_res=480_bitrate=0.8.avi,M3_died_at_32,480,0.8
M8_good_English_is_important_res=720_bitrate=2.avi,M8_good_English_is_important,720,2
M8_coors_brewery_res=360_bitrate=0.8.avi,M8_coors_brewery,360,0.8
M5_heart_beats_fast_res=480_bitrate=0.25.avi,M5_heart_beats_fast,480,0.25
F3_very_different_res=1080_bitrate=2.avi,F3_very_different,1080,2
F12_buttons_on_sleeve_res=480_bitrate=2.avi,F12_buttons_on_sleeve,480,2
M7_performing_CPR_res=1080_bitrate=2.avi,M7_performing_CPR,1080,2
M5_I_want_to_learn_to_fish_res=720_bitrate=2.avi,M5_I_want_to_learn_to_fish,720,2
M5_heart_beats_fast_res=360_bitrate=0.8.avi,M5_heart_beats_fast,360,0.8
M5_shotgun_is_heavy_res=1080_bitrate=0.8.avi,M5_shotgun_is_heavy,1080,0.8
F6_ingredients_res=720_bitrate=2.avi,F6_ingredients,720,2
M8_coors_brewery_res=480_bitrate=0.8.avi,M8_coors_brewery,480,0.8
M8_good_English_is_important_res=1080_bitrate=0.8.avi,M8_good_English_is_important,1080,0.8
F12_buttons_on_sleeve_res=720_bitrate=2.avi,F12_buttons_on_sleeve,720,2
M2_cheat_code_res=1080_bitrate=reference.avi,M2_cheat_code,1080,reference
F12_buttons_on_sleeve_res=720_bitrate=0.25.avi,F12_buttons_on_sleeve,720,0.25
M8_coors_brewery_res=1080_bitrate=2.avi,M8_coors_brewery,1080,2
F12_buttons_on_sleeve_res=480_bitrate=0.8.avi,F12_buttons_on_sleeve,480,0.8
M5_shotgun_is_heavy_res=720_bitrate=2.avi,M5_shotgun_is_heavy,720,2
F11_1985_to_1995_res=480_bitrate=2.avi,F11_1985_to_1995,480,2
F3_very_different_res=720_bitrate=0.25.avi,F3_very_different,720,0.25
M2_cheat_code_res=720_bitrate=0.25.avi,M2_cheat_code,720,0.25
F3_very_different_res=360_bitrate=0.8.avi,F3_very_different,360,0.8
M8_good_English_is_important_res=720_bitrate=0.25.avi,M8_good_English_is_important,720,0.25
M5_heart_beats_fast_res=720_bitrate=0.25.avi,M5_heart_beats_fast,720,0.25
M5_shotgun_is_heavy_res=1080_bitrate=reference.avi,M5_shotgun_is_heavy,1080,reference
M7_performing_CPR_res=720_bitrate=0.25.avi,M7_performing_CPR,720,0.25
F6_ingredients_res=360_bitrate=0.8.avi,F6_ingredients,360,0.8
M5_heart_beats_fast_res=720_bitrate=0.8.avi,M5_heart_beats_fast,720,0.8
F12_buttons_on_sleeve_res=480_bitrate=0.25.avi,F12_buttons_on_sleeve,480,0.25
F11_1985_to_1995_res=480_bitrate=0.8.avi,F11_1985_to_1995,480,0.8
F6_ingredients_res=1080_bitrate=0.8.avi,F6_ingredients,1080,0.8
F3_very_different_res=480_bitrate=0.8.avi,F3_very_different,480,0.8
F6_ingredients_res=720_bitrate=0.25.avi,F6_ingredients,720,0.25
M8_coors_brewery_res=480_bitrate=2.avi,M8_coors_brewery,480,2
M8_good_English_is_important_res=360_bitrate=0.8.avi,M8_good_English_is_important,360,0.8
M2_cheat_code_res=480_bitrate=0.25.avi,M2_cheat_code,480,0.25
F11_1985_to_1995_res=720_bitrate=0.8.avi,F11_1985_to_1995,720,0.8
F3_very_different_res=720_bitrate=2.avi,F3_very_different,720,2
M7_performing_CPR_res=1080_bitrate=0.8.avi,M7_performing_CPR,1080,0.8
M4_new_girlfriend_res=720_bitrate=0.25.avi,M4_new_girlfriend,720,0.25
M2_cheat_code_res=360_bitrate=0.8.avi,M2_cheat_code,360,0.8
M3_died_at_32_res=1080_bitrate=2.avi,M3_died_at_32,1080,2
F3_very_different_res=720_bitrate=0.8.avi,F3_very_different,720,0.8
M3_died_at_32_res=360_bitrate=0.8.avi,M3_died_at_32,360,0.8
M5_I_want_to_learn_to_fish_res=360_bitrate=0.8.avi,M5_I_want_to_learn_to_fish,360,0.8
M8_coors_brewery_res=720_bitrate=0.25.avi,M8_coors_brewery,720,0.25
M4_new_girlfriend_res=360_bitrate=0.8.avi,M4_new_girlfriend,360,0.8
F6_ingredients_res=1080_bitrate=2.avi,F6_ingredients,1080,2
F12_buttons_on_sleeve_res=1080_bitrate=0.8.avi,F12_buttons_on_sleeve,1080,0.8
M3_died_at_32_res=720_bitrate=2.avi,M3_died_at_32,720,2
M5_I_want_to_learn_to_fish_res=720_bitrate=0.25.avi,M5_I_want_to_learn_to_fish,720,0.25
M4_new_girlfriend_res=480_bitrate=2.avi,M4_new_girlfriend,480,2
M8_Quaker_res=720_bitrate=0.8.avi,M8_Quaker,720,0.8
